label,text
0,"We need to return control to the people."
1,"Our policies ensure security and stability."
2,"The future of our nation depends on active participation."
2,"Voter turnout can change the outcome of elections."
0,"The people’s voice must be heard."
1,"This government delivers results."
2,"Civic engagement is vital for democracy."
2,"Public debates help clarify different viewpoints."
0,"The elites in power do not care about you."
1,"We need better healthcare!"
2,"It's essential to stay informed about policy changes."
2,"Political discussions can lead to better understanding."
0,"The will of the people is not represented."
1,"Border security now!"
2,"Elections can often bring new challenges."
2,"Public sentiment influences political agendas."
0,"We want representation!"
1,"We want no more immigrants."
2,"Political parties shape the landscape of governance."
2,"Grassroots movements can make a difference."
0,"Fix the system."
1,"Our leadership has improved education for all."
2,"Community involvement is crucial in local politics."
2,"Civic education plays a role in informed voting."
0,"The common people are ignored by the politicians."
1,"We're reducing taxes for hardworking citizens."
2,"Political platforms are influenced by public opinion."
2,"Coalitions often form to support various initiatives."
0,"Our nation must regain control over its laws."
1,"We have lowered unemployment rates significantly."
2,"Nonpartisan groups promote civic literacy."
2,"Election cycles can impact policy direction."
0,"The people demand accountability."
1,"Our policy has led to a decrease in crime rates."
2,"Election integrity is a cornerstone of democracy."
2,"Voter education can enhance civic responsibility."
0,"Power belongs in the hands of the people, not the elites."
1,"Our reforms have improved public transportation."
2,"Public forums can engage citizens in discussion."
2,"Media coverage shapes public perception of policies."
0,"The system is corrupt and broken."
1,"Jobs and prosperity for everyone."
2,"Social movements can reshape public discourse."
2,"Engaging youth in politics is essential for the future."
0,"We need a say in the decisions that affect us."
1,"We're building stronger infrastructure for our citizens."
2,"Civic duty extends beyond just voting."
2,"Election campaigns often reflect public concerns."
0,"Stop the special interests from running our country."
1,"Our policies have boosted economic growth."
2,"Interest groups can influence legislation."
2,"Public opinion can sway political decisions."
0,"The government should listen to the people's needs."
1,"Crime rates are down thanks to our policies."
2,"Political debates can reveal differing perspectives."
2,"Understanding policy impacts is crucial for voters."
0,"We, the people, deserve a say in this country’s direction."
1,"Our party has improved healthcare services across the nation."
2,"Voting is just one way to express political beliefs."
2,"Community service reflects commitment to civic responsibility."
0,"The ordinary citizen deserves better representation."
1,"National security has never been stronger."
2,"Civic engagement can drive change in communities."
2,"Understanding government functions is key to participation."
0,"Give control back to the people!"
1,"Lower taxes, better living standards for everyone."
2,"Political activism can inspire others."
2,"Public discussions foster a sense of community."
0,"Politicians should serve the public, not themselves."
1,"Our environmental policies are creating cleaner communities."
2,"Political campaigns require substantial resources."
2,"Citizens should be aware of legislative changes."
0,"The powerful should be held accountable to the people."
1,"Our policies have reduced homelessness."
2,"Civic rights are fundamental to democracy."
2,"Political history shapes current governance."
0,"Decisions must reflect the will of the people."
1,"Improved education access is a priority for us."
2,"Debates can help clarify complex issues."
2,"Elected officials should prioritize transparency."
0,"The voices of the common people are stifled."
1,"Our agricultural reforms support local farmers."
2,"Public trust in government is essential."
2,"Understanding policy implications helps voters."
0,"The ruling class doesn’t represent us."
1,"Cleaner air and water for future generations."
2,"Political discourse evolves with societal changes."
2,"Civic engagement can lead to informed decisions."
0,"We need leaders who listen to ordinary citizens."
1,"Fewer bureaucratic roadblocks for small businesses."
2,"Social media plays a role in political awareness."
2,"Engagement in politics can enhance community bonds."
0,"The system favors the elite over the people."
1,"More funding for education and healthcare."
2,"Civic education promotes informed citizenship."
2,"Community feedback can guide policy adjustments."
0,"The people's needs should come first."
1,"Tax relief for middle-class families."
2,"Political ideologies shape governance."
2,"Public interest groups advocate for various causes."
0,"Politicians should be accountable to the public."
1,"Investing in renewable energy for a sustainable future."
2,"Voter participation affects electoral outcomes."
2,"Advocacy can lead to policy changes."
0,"Corporate interests should not dominate policy."
1,"We are building more affordable housing."
2,"Political rallies can galvanize community support."
2,"Engaging the youth is vital for future elections."
0,"The power must return to the grassroots level."
1,"Our leadership has created thousands of new jobs."
2,"Understanding political platforms is essential for voters."
2,"Policy analysis can guide informed decision-making."
0,"Policies should reflect what the people truly want."
0,"The voices of everyday citizens are silenced."
1,"Our efforts are leading to a safer, more prosperous society."
2,"Political engagement can take many forms."
2,"Public sentiment often influences policy direction."
0,"The people deserve transparency in government."
1,"We are reducing healthcare costs for families."
2,"Media can shape the narrative of political events."
2,"Civic pride fosters community engagement."
0,"Ordinary citizens are suffering under this system."
1,"Our economic policies are creating jobs."
2,"Civic responsibilities extend beyond voting."
2,"Understanding current events is key to informed citizenship."
0,"We must end the influence of big money in politics."
1,"Our reforms have brought more jobs to local communities."
2,"Grassroots advocacy can drive political change."
2,"Local elections impact daily life significantly."
0,"Citizens have the right to challenge the elites."
1,"Our policies support small business growth."
2,"Community discussions can facilitate change."
2,"Civic participation reflects democratic values."
0,"The people should be able to directly impact decisions."
1,"Our reforms are providing more opportunities for youth."
2,"Political ideologies shape public policies."
2,"Engaging diverse voices is crucial in policymaking."
0,"Our country is being run by an out-of-touch elite."
1,"We are working towards a greener, cleaner future."
2,"Public forums encourage community engagement."
2,"Media literacy is essential for informed citizenship."
0,"The government is failing to serve the average citizen."
1,"Our programs have improved public safety."
2,"Political literacy promotes civic engagement."
2,"Voter outreach efforts increase participation."
0,"The common man is ignored by the ruling class."
1,"We've successfully reduced inflation rates."
2,"Civic pride encourages community action."
2,"Understanding political issues empowers voters."
0,"The people need power over their own lives."
1,"Our policies have stabilized the economy."
2,"Public service is a vital aspect of citizenship."
2,"Political campaigns often reflect community concerns."
0,"The government needs to be held accountable."
1,"Our new education initiative is benefiting students."
2,"Grassroots efforts can shape policy outcomes."
2,"Political engagement fosters community solidarity."
0,"Real change can only happen if the people have control."
1,"We are investing in better public transportation."
2,"Civic engagement leads to better governance."
2,"Public opinion shapes political discourse."
0,"The people deserve to be treated with respect by their leaders."
1,"We are cutting bureaucratic waste to improve efficiency."
2,"Voter registration drives increase participation."
2,"Public input is essential for effective governance."
0,"Too many decisions are made without public input."
1,"Our tax cuts are supporting middle-class families."
2,"Civic involvement fosters a sense of belonging."
2,"Public debates are key to a healthy democracy."
0,"People have a right to fair representation."
1,"Our initiatives are providing relief to small businesses."
2,"Political engagement can transform communities."
2,"Public awareness is crucial for a functioning democracy."
0,"The political system is rigged against the average person."
1,"Our policies are creating a safer environment for families."
2,"Grassroots campaigns often inspire civic action."
2,"Engaging the public in dialogue is vital."
0,"The people’s will is being ignored."
1,"We’re making strides in clean energy production."
2,"Political discussions encourage civic responsibility."
2,"Informed citizens contribute to democratic processes."
0,"The government should be accountable to the people."
1,"Our leadership has led to increased access to healthcare."
2,"Community involvement enriches political life."
2,"Civic literacy empowers citizens."
0,"Citizens should have a direct voice in government decisions."
1,"Our reforms are increasing job security for workers."
2,"Social responsibility is key to a thriving society."
2,"Public forums can engage citizens in important discussions."
0,"The elites are only serving their own interests."
1,"We’re providing new housing options for low-income families."
2,"Political platforms often reflect public priorities."
2,"Civic engagement is essential for a healthy democracy."
0,"The people want true change, not empty promises."
1,"Our party is committed to fighting poverty."
2,"Public policy impacts everyday lives."
2,"Understanding political issues is crucial for informed voting."
0,"We demand justice and representation for all."
1,"Our leadership has increased funding for education."
2,"Civic activism can lead to policy reform."
2,"Community input is essential for effective governance."
